{"cameraMode":{"drawMode":0,"name":"Shaded","section":"Shading Mode"},"sceneLighting":true,"audioPlay":false,"sceneViewState":{"showFog":false,"showMaterialUpdate":false,"showSkybox":false,"showFlares":false,"showImageEffects":false,"showParticleSystems":true},"in2DMode":false,"pivot":{"x":32.0174560546875,"y":0.4078211784362793,"z":-0.6194336414337158},"rotation":{"x":-0.4684932231903076,"y":0.1849956512451172,"z":-0.1010264977812767,"w":-0.857953667640686},"size":5.422447681427002,"orthographic":false}